timestamp,open,high,low,close
1659052800,1725.257783782584,1765.0992600638533,1659.8511305886939,1724.72291250507
1658966400,1636.3954063940648,1781.0185638199496,1601.0014991361454,1726.1809874117353
1658880000,1449.8261631784453,1641.3065590743774,1421.5125352127477,1638.1685011677134
1658793600,1440.5195470775332,1445.969990839652,1360.0685463329478,1445.969990839652
1658707200,1597.9416534726706,1607.3922384021068,1438.586371677737,1438.586371677737
1658620800,1549.1713863488992,1660.7464409036006,1548.0058844448574,1598.043374297202
1658534400,1535.7188268991604,1596.2720906392458,1491.4243468621155,1549.6017675898856
1658448000,1575.6924154210574,1642.8202794698589,1520.9622201692632,1537.7971730168574
1658361600,1522.0471126523823,1599.8816102578157,1464.4657058281257,1575.9180231607863
1658275200,1542.5820380458833,1614.4388195288245,1496.020626061831,1517.9234870701764
1658188800,1581.5556046624185,1624.265174989632,1493.6837381350138,1543.2970387020457
1658102400,1338.2095222915507,1586.1080790572175,1336.9272948742596,1586.1080790572175
1658016000,1355.8462170966113,1381.8567157803864,1325.5069357136736,1335.0994467906048
1657929600,1231.092020213364,1384.170213047164,1192.9120564740808,1353.0020191330348
1657843200,1192.6062900504553,1282.9431177793606,1181.6824398356036,1231.7984733883595
1657756800,1114.6138976460325,1209.3770310070145,1073.6560418798158,1192.247318666498
1657670400,1037.2319434055335,1116.1396107215471,1011.2329353735203,1116.1396107215471
1657584000,1095.5819856261926,1096.5267242714722,1035.2713489751118,1035.2713489751118
1657497600,1167.6950700411435,1170.040180316866,1091.9278998451246,1095.3967177622726
1657411200,1216.7478840575204,1218.6528792543943,1156.0030209255049,1167.5918524559067
1657324800,1213.423547018803,1229.924476325197,1204.8263200978656,1217.503958727564
1657238400,1237.0640321769883,1273.7085107762325,1192.571498544814,1213.1091077907465
1657152000,1185.5,1251.6771646781576,1162.92246673,1238.6367414149088
1657065600,1131.3835708745028,1199.13242945,1111.7370514249683,1185.80375783
1656979200,1150.1098645335167,1168.5718559848785,1078.3949700714263,1132.7214562566924
1656892800,1073.1793040084635,1154.1879769446784,1045.2272793433024,1151.6919291569782
1656806400,1065.5713198712383,1084.7780347074902,1040.6547567515674,1073.5936477183423
1656720000,1057.8832421527834,1075.8135912239998,1028.8081877123789,1065.4282760062467
1656633600,1070.136728953411,1107.3355182330583,1036.8070472402055,1053.95664042261
1656547200,1097.890918184621,1104.5304449895996,1004.9626489460081,1067.3092345111006
1656460800,1142.6642135436614,1153.7441770720054,1087.3572652317516,1097.8013677245642
1656374400,1191.0880127071046,1231.0960700922926,1138.3266801089646,1143.111406796402
1656288000,1198.0411209958347,1236.9377437611586,1176.9725625940926,1192.408955055105
1656201600,1241.357825765296,1274.8808158391578,1197.1457623977851,1198.5156301744798
1656115200,1224.2109732543036,1250.472498586483,1180.8579109029722,1244.5784939497228
1656028800,1143.7601713031377,1243.308206216454,1131.4316498839778,1223.781443434225
1655942400,1048.6991576993391,1149.5936302116736,1048.6991576993391,1145.228401603809
1655856000,1123.778424379642,1124.630636713899,1042.9470738896014,1048.2016878764036
1655855940,1124.5109238106666,undefined,undefined,undefined
1655769600,1126.8976986714067,1187.9397121890267,1109.3648986257565,1122.9420315117202
1655683200,1126.05,1135.3106741867784,1070.66,1127.2296132349302
1655683080,1127.25,undefined,undefined,undefined
1655596800,990.71,1151,937.81,1125.73
1655596740,995.96,undefined,undefined,undefined
1655510400,1085.76,1096.01,884.56,991.39
1655510220,1085,undefined,undefined,undefined
1655424000,1064.75,1113.11,1052.31,1086.5
1655423940,1064.57,undefined,undefined,undefined
1655337600,1236.65,1253.34,1052.27,1065.4
1655337540,1237.9378792056095,undefined,undefined,undefined
1655251200,1207.58,1241.84,1016.31,1236.7563441601342
1655164800,1207.82,1251.09,1080.9312334160531,1211.95
1655164680,1204.0744303015465,undefined,undefined,undefined
1655078400,1433.19,1449.49,1169.17,1204.596897948392
1654992000,1529.35,1540.484192596512,1430,1437.7262569172265
1654991940,1528.7548115453453,undefined,undefined,undefined
1654905600,1660.5,1680.5318070184703,1501.8128296657578,1526.9
1654905540,1661.0000000000002,undefined,undefined,undefined
1654819200,1786.4344739856238,1800.0468661092468,1655.3699999999997,1661.0508503224592
1654819140,1787.6200196630143,undefined,undefined,undefined
1654732800,1790.72,1829.9919378183595,1777.178477790745,1788.74
1654646400,1812.4613627114727,1834.268465197099,1766.1634781763125,1792.9697183836856
1654560000,1858.4255427243559,1868.1141674915154,1727.6654355571777,1812.3059873043146
1654473600,1805.0557647976234,1917.058332519362,1803.9041892838454,1858.8300827030803
1654387200,1803.6294722978755,1828.6689285134964,1774.9274556833661,1803.9887736057417
1654300800,1773.8039671717986,1812.7755926459886,1747.9810455856925,1802.2904975885594
1654214400,1833.0195624273424,1841.756356698873,1739.654969672585,1773.4180580068044
1654214340,1832.6942892216762,undefined,undefined,undefined
1654128000,1817.6300059408688,1848.6083507883036,1783.5236648528232,1833.38899225164
1654041600,1940.573265999242,1968.0554837844986,1772.0146265364356,1819.7928936887158
1654041540,1938.1451626702576,undefined,undefined,undefined
1653955200,1998.3717731916577,2011.2465624406884,1927.9031214198715,1938.0697577626775
1653955140,1999.7935237176698,undefined,undefined,undefined
1653868800,1811.0909382888926,2009.3175200841836,1801.5913046385842,1995.9571945130378
1653782400,1790.1874553273594,1822.9062920657475,1763.991491514957,1812.782662918136
1653782340,1790.1276150182198,undefined,undefined,undefined
1653696000,1726.926152141354,1804.6240804027198,1720.4627800897279,1791.9571943214783
1653695940,1721.922940307743,undefined,undefined,undefined
1653609600,1790.9736942679383,1818.814584289604,1711.3950813603808,1721.1592096261115
1653609540,1787.8067892739575,undefined,undefined,undefined
1653541380,1934.9291273931108,undefined,undefined,undefined
1653523200,1934.9291273931108,1941.9875507400093,1747.5587038367194,1796.249426088412
1653436800,1978.15,2016.1899999999998,1940.06,1962.08
1653436620,1976.51,undefined,undefined,undefined
1653350400,1975.13,1990.83,1912.63,1978.4900000000002
1653350340,1970.27,undefined,undefined,undefined
1653264000,2037.4700000000003,2083.61,1957.44,1971.12
1653263940,2040.51,undefined,undefined,undefined
1653177600,1974.19,2049.12,1963.9,2045.84
1653177540,1973.73,undefined,undefined,undefined
1653091200,1956.7643723038905,1986.98,1936.26,1974.1499999999999
1653004800,2017.57,2055.6611937982034,1921.1900000000003,1959.3000000000002
1652918400,1912.0211657570683,2037.88,1901.52,2019.2142415664157
1652832000,2088.96,2105.6393069374376,1910.1675458150878,1910.1675458150878
1652745600,2020.6468019422357,2118,2010.767296034915,2089.4717554992912
1652659200,2142.69,2142.69,1983.2,2017.591974816357
1652572800,2054.0498603124593,2156.38263557957,2001.7878102470409,2143.3937025674654
1652486400,2006.5767017297878,2062.7489390114824,1949.1551372065408,2054.222697049186
1652400000,1954.3690593021345,2143.927880326978,1938.491390089164,2008.9013701074534
1652313600,2079.382456801796,2182.540433086965,1722.36926954477,1956.617867764764
1652227200,2340.5115318393246,2447.9925456998008,2000.645839662516,2064.3
1652140800,2228.4723704016005,2456.4307023795145,2202.948591899543,2342.8808479452578
1652054400,2519.4049346623556,2528.2900338748827,2227.008972041396,2234.5610485233133
1651968000,2634.805943015932,2639.904528328017,2492.000116172197,2520.266177690356
1651967940,2634.993923614711,undefined,undefined,undefined
1651881600,2692.1575592026848,2701.771948742392,2593.475452535282,2636.3604005838597
1651881540,2692.888759545762,undefined,undefined,undefined
1651795200,2745.485214511312,2756.775574585838,2634.596282716803,2693.092196465028
1651795140,2747.450612167677,undefined,undefined,undefined
1651708800,2940.26872357461,2951.6260541633083,2701.151454173864,2748.5504657049273
1651708740,2939.570848270164,undefined,undefined,undefined
1651622400,2780.5579870804145,2961.915013056008,2772.8599648913264,2940.3712164626613
1651622340,2780.080070697177,undefined,undefined,undefined
1651536000,2855.0381859242407,2861.4428851711928,2758.1429753329435,2781.695546962
1651535940,2856.2046991255265,undefined,undefined,undefined
1651449600,2825.2216036453506,2880.8638630502173,2782.654842089247,2857.283630461652
1651363200,2726.8007592228396,2846.298176921404,2726.594353531348,2823.892489713571
1651276800,2817.305516292124,2840.5615413243363,2722.756240478216,2726.695069962875
1651276740,2815.5018094040465,undefined,undefined,undefined
1651190400,2935.910511336029,2945.3724608030607,2777.7886288095615,2816.59302943815
1651104000,2883.687632153008,2977.677490628178,2856.365946711058,2939.3478045259562
1651103940,2889.4564248648267,undefined,undefined,undefined
1651017600,2809.5944621978883,2918.0228376227906,2796.3431587663185,2890.611646691343
1650931200,3007.286820610516,3031.6261084633775,2779.5574026837157,2810.756627076162
1650844800,2922.2345398565426,3022.6337628286865,2800.748564465307,3008.4964182984945
1650758400,2933.3683542556682,2964.793479460563,2915.702533658085,2923.4264911998753
1650672000,2963.1133096480853,2979.307621785165,2920.2232442719323,2937.770450117909
1650585600,2983.9999612212937,3031.200431759856,2935.511082428812,2963.7326486723086
1650499200,3075.1531494592973,3177.6796841691116,2954.4514227942473,2986.039819397175
1650499140,3079.5252051129937,undefined,undefined,undefined
1650412800,3098.656698364832,3162.602990824134,3039.8771548441155,3079.3565211537966
1650412740,3103.251351999453,undefined,undefined,undefined
1650326400,3056.220727294478,3128.08485858379,3032.9701396041755,3103.5487811546
1650240000,2988.6833159466632,3070.3639727972086,2890.3291231131343,3057.2204591928344
1650153600,3060.45498026737,3078.8687429301276,2986.4675609228225,2991.033393304836
1650067200,3040.192383930232,3078.4334523361526,3014.798637763354,3060.986070974377
1649980800,3021.84534831679,3050.0556781934065,2997.7173314744227,3042.554247326894
1649894400,3118.9863131843667,3143.955943315526,2983.7410161063426,3019.8051025293453
1649808000,3027.962117856179,3129.1887473402003,3001.4887610821293,3120.1956870847503
1649721600,2979.650499491285,3084.0135615247214,2953.1407999293356,3030.7163168876837
1649635200,3203.4404835175237,3215.0050546124976,2956.6506600792018,2975.156010964767
1649635140,3198.086597001516,undefined,undefined,undefined
1649548800,3259.004929409964,3308.2807915128956,3209.1651888419306,3210.210271965175
1649548740,3261.4151489314086,undefined,undefined,undefined
1649462400,3192.7024079463795,3267.668422545415,3183.2390027185156,3263.0393967210975
1649376000,3227.708984892261,3312.330630727036,3173.863303954926,3192.310856971693
1649375940,3227.037935306875,undefined,undefined,undefined
1649289600,3168.8513693558716,3266.1796910509233,3149.2891292162835,3232.321927703696
1649203200,3406.81714095906,3406.81714095906,3162.9049273827613,3168.9658013451676
1649116800,3520.6872336099655,3549.1360759619115,3402.4474944398685,3409.4576251060157
1649030400,3522.3779752511105,3545.614523839127,3418.71144817421,3522.0326545705734
1648944000,3449.392374190234,3578.517514117059,3416.3456927626753,3522.609735468225
1648857600,3456.5190902117743,3529.0626830760148,3438.985146688831,3446.7785128055884
1648771200,3282.9012550845773,3477.122743327771,3216.696319702642,3457.045847113918
1648684800,3386.709089988791,3443.339947806664,3265.1548750576817,3279.273071280892
1648598400,3399.8848759503926,3445.4843978199488,3339.0369752960924,3380.7784270414822
1648598340,3402.8186745409116,undefined,undefined,undefined
1648512000,3339.4932098676827,3481.424433397582,3335.3254905582485,3404.610313020537
1648511940,3332.8392697991685,undefined,undefined,undefined
1648425600,3296.276845790935,3431.7331477346106,3276.4664491512863,3339.8849308502554
1648425540,3296.502099214694,undefined,undefined,undefined
1648339200,3148.3640256674207,3295.562483087671,3128.561458726999,3294.9937469772017
1648339140,3148.154716653325,undefined,undefined,undefined
1648252800,3104.20847829821,3151.8099704194474,3086.978330846892,3145.153319978118
1648252740,3102.9295394035244,undefined,undefined,undefined
1648166400,3112.375209078151,3191.370753295723,3082.812661916319,3106.2701023996124
1648166340,3110.5558245776933,undefined,undefined,undefined
1648080000,3037.6858189341724,3127.781365905123,3008.1511735478443,3110.846580862762
1648079940,3037.5607539092225,undefined,undefined,undefined
1647993600,2970.1965171806796,3044.26036155844,2923.889685498539,3037.3383077977282
1647993540,2970.8963385241505,undefined,undefined,undefined
1647907200,2890.8271778070343,3047.4154841557956,2889.033618550281,2970.582388084442
1647907140,2896.0458628662964,undefined,undefined,undefined
1647820800,2862.2407644470586,2960.4356166441194,2833.567761327961,2896.2901202787843
1647820740,2860.111539271842,undefined,undefined,undefined
1647734400,2952.131861570331,2962.9658799966674,2820.8404868404305,2861.230488344338
1647734340,2949.6110066005754,undefined,undefined,undefined
1647648000,2939.3916768856957,2984.0435429319027,2897.0228260446183,2947.354871049831
1647647940,2942.836223176578,undefined,undefined,undefined
1647561600,2814.671346231399,2983.6121823487088,2770.4604534649957,2942.336166108312
1647561540,2816.4949819455214,undefined,undefined,undefined
1647475200,2775.1082446614055,2836.3342327104165,2748.552558695376,2816.0774087009513
1647475140,2775.447492579288,undefined,undefined,undefined
1647388800,2619.305369103578,2788.8250288970107,2606.111270391978,2774.968911816713
1647388740,2620.5990383491144,undefined,undefined,undefined
1647302400,2591.026255030243,2669.3787827247756,2510.6619431558943,2620.4200576080693
1647302340,2591.553491537787,undefined,undefined,undefined
1647216000,2516.1877998134773,2606.9298068549915,2502.714468204542,2592.8751504906886
1647215940,2517.812405476654,undefined,undefined,undefined
1647129600,2569.2855818203757,2598.9860062016205,2496.252068219523,2519.939303054005
1647129540,2566.3933813682356,undefined,undefined,undefined
1647043200,2556.435944025707,2611.001305355133,2554.015400689483,2571.86874775276
1647043140,2557.5928894962112,undefined,undefined,undefined
1646956800,2611.1538483954673,2669.109197438483,2527.6532990401806,2556.6759354221213
1646956740,2609.3127881235055,undefined,undefined,undefined
1646870400,2727.9496524870947,2730.6184020446963,2555.4979362564422,2607.9499365271786
1646870340,2728.650201300095,undefined,undefined,undefined
1646784000,2577.0652179859226,2772.760135866032,2569.7194118990483,2731.535201713821
1646783940,2578.5766885690505,undefined,undefined,undefined
1646697600,2492.8145762405807,2625.092529532117,2483.772433962715,2576.8454472059684
1646697540,2496.1760831125525,undefined,undefined,undefined
1646611200,2550.542599378679,2644.9059833010447,2446.2337665547875,2497.570089027961
1646611140,2549.888931719414,undefined,undefined,undefined
1646524800,2665.792972150628,2674.4631679324757,2547.0408284631285,2547.0408284631285
1646524740,2666.6007020995803,undefined,undefined,undefined
1646438400,2623.1835585172885,2681.863792090366,2593.8811186852377,2665.458695052778
1646438340,2622.491866602811,undefined,undefined,undefined
1646352000,2830.292693289794,2834.7694658227747,2575.0099584536247,2617.431410529734
1646351940,2833.812129612428,undefined,undefined,undefined
1646265600,2948.75958109655,2971.79,2792.104083926082,2832.5055884981934
1646179200,2977.7265556093193,3033.8012259657717,2916.1705306147237,2948.0909635414264
1646092800,2923.514372592773,3038.9877252819506,2860.970413824901,2975.2403047172866
1646092740,2924.940814032879,undefined,undefined,undefined
1646006400,2618.160249563003,2944.0366427649433,2576.4720643427304,2922.477659267722
1646006340,2619.153753677398,undefined,undefined,undefined
1645920000,2780.7296625390136,2834.5086667248315,2564.4340695812143,2619.9872153540828
1645919940,2779.395768746634,undefined,undefined,undefined
1645833600,2769.494275254428,2855.7648483252297,2739.074752663262,2782.0060401297
1645833540,2768.4088483205765,undefined,undefined,undefined
1645747200,2595.03390313625,2833.6956931078957,2573.9702949733282,2769.0590733717936
1645747140,2599.333226591098,undefined,undefined,undefined
1645660800,2581.0162816545107,2709.9774991567688,2302.4809763975927,2598
1645660740,2579.8555089822744,undefined,undefined,undefined
1645574400,2637.986410108112,2751.5727914611252,2582.1098394892047,2586.634052746246
1645574340,2637.797188807305,undefined,undefined,undefined
1645488000,2569.4479744581695,2657.4162497548937,2504.4800690833963,2635.2475950860435
1645487940,2571.6179209254406,undefined,undefined,undefined
1645401600,2622.7392557170197,2756.51370322765,2564.563879837949,2581.8489247443376
1645401540,2622.9976533747054,undefined,undefined,undefined
1645315200,2764.7571983992384,2764.9398574957236,2577.2140734921422,2623.864547214775
1645315140,2764.5935050339817,undefined,undefined,undefined
1645228800,2780.08,2831.52,2702.503532445809,2765.2300650820557
1645142400,2886.29,2943.66,2756.48,2788.72
1645142280,2884.32,undefined,undefined,undefined
1645056000,3126.97,3158.05,2856.03,2876.48
1645055880,3126.69,undefined,undefined,undefined
1644969600,3179.37,3183.08,3049.36,3122.58
1644969540,3184.15,undefined,undefined,undefined
1644883200,2932.5,3193.11,2913.94,3186.98
1644883140,2935.304740863514,undefined,undefined,undefined
1644796800,2877.5402074802632,2962.42,2838.358030923783,2931.41
1644796740,2870.2575987402874,undefined,undefined,undefined
1644710400,2919.99,2953.7900000000004,2840.9400000000005,2885.48
1644624000,2923.61,2984.31,2862.658498173215,2918.812137839322
1644623940,2927.5000000000005,undefined,undefined,undefined
1644537600,3074.998443820297,3135.3690734584757,2882.59,2928.5014256576337
1644451200,3246.5041182592854,3280.213865952241,3063.8247583069915,3073.987573075154
1644364800,3119.57,3269.690962337095,3060.003676358519,3245.5102024304815
1644278400,3141.862486397481,3226.4221071751604,3032.6694677470473,3123.552767193549
1644278340,3141.49650377166,undefined,undefined,undefined
1644192000,3064.1945821812483,3187.5657171624525,2998.67,3141.01
1644191940,3060.185706455607,undefined,undefined,undefined
1644105600,3020.4833780620006,3069.7460171040643,2963.914093383066,3059.7388892907607
1644105540,3021.1433216334003,undefined,undefined,undefined
1644019200,2998.1024144543453,3060.2282196839606,2966.305413978925,3016.5756530967924
1643932800,2697.163601077906,2993.096869849878,2673.8142085588006,2989.8689286763197
1643932740,2693.2,undefined,undefined,undefined
1643846400,2682.6851783796783,2725.1946814233934,2580.3677589386025,2682.3136633210042
1643846340,2683.1424757769155,undefined,undefined,undefined
1643760000,2789.6487126976053,2811.9112998847127,2616.861463929206,2687.6852756051803
1643759940,2791.137473364704,undefined,undefined,undefined
1643673600,2689.8661485489156,2813.6046636966603,2677.663577526078,2790.817213597978
1643673540,2690.448189270836,undefined,undefined,undefined
1643587200,2603.199458441468,2705.765817734973,2484.0536277807923,2690.2840189406616
1643587140,2602.5415104091708,undefined,undefined,undefined
1643500800,2603.725042414187,2636.727316349184,2545.654209389516,2603.1675153258234
1643500740,2604.2571703735343,undefined,undefined,undefined
1643414400,2543.45,2633.64,2525.96,2599.365454919746
1643414340,2546.84,undefined,undefined,undefined
1643328000,2423.1994023323596,2556.31,2362.04,2548.26
1643327940,2425.82,undefined,undefined,undefined
1643241600,2460.65,2519.5492318764336,2319.3827772546706,2422.024276055819
1643241540,2463.9045481243634,undefined,undefined,undefined
1643155200,2460.616994162383,2715.020300982087,2406.5589731804835,2467.47758362276
1643155140,2455.4693665799955,undefined,undefined,undefined
1643068800,2441.7736821174726,2507.872599991804,2352.3472247156396,2457.507007011816
1643068740,2441.405399795919,undefined,undefined,undefined
1642982400,2541.4195305177604,2541.4195305177604,2161.058602242725,2441.6035626308203
1642982340,2542.4412816312765,undefined,undefined,undefined
1642896000,2411.499011112963,2547.3208709360206,2373.2175825794106,2535.5173317383446
1642895940,2408.6448432759266,undefined,undefined,undefined
1642809600,2569.0088153038,2623.962735589759,2312.487978452396,2403.180737525459
1642809540,2571.526088075571,undefined,undefined,undefined
1642723200,2975.02,3033.23,2477.364729164081,2563.4411412895915
1642723140,3001.18,undefined,undefined,undefined
1642636800,3092.48,3271.7999999999997,2998.34,2998.34
1642636740,3084.46,undefined,undefined,undefined
1642550400,3159.81,3176.41,3050.88,3091.59
1642550340,3160.81,undefined,undefined,undefined
1642464000,3213.3,3242.73,3091.4600000000005,3163.52
1642463940,3210.98,undefined,undefined,undefined
1642377600,3353.92,3358.22,3142.3900000000003,3213.29
1642291200,3331.28,3386.1199999999994,3285.7099999999996,3349.79
1642291140,3328.12,undefined,undefined,undefined
1642204800,3310.184792868072,3370.32,3274.2,3331.02
1642118400,3238.5900000000006,3337.71,3198.0195478047826,3310.05
1642118340,3239.1223889179055,undefined,undefined,undefined
1642032000,3371.01,3407.16,3237.23,3237.44
1641945600,3246.53,3407.942126164921,3210.021743381409,3371.26
1641945540,3240.921167522541,undefined,undefined,undefined
1641859200,3086.95,3261.815315591089,3054.7687418980468,3238.28
1641859140,3085.0001934071497,undefined,undefined,undefined
1641772800,3147.7,3179.21,2933.1282617621646,3085.383482581666
1641772740,3151.0361287036703,undefined,undefined,undefined
1641686400,3080.649782415343,3210.9749468573395,3060.9709562272333,3152.091216738852
1641686340,3083.028360936657,undefined,undefined,undefined
1641600000,3197.876288682678,3244.946272351927,3002.3824605530945,3083.7575695790288
1641599940,3196.0780264044292,undefined,undefined,undefined
1641513600,3406.3354655576654,3414.108413030849,3069.802402005459,3194.028504103375
1641513540,3410.388505658501,undefined,undefined,undefined
1641427200,3538.5138464453344,3549.3448363958532,3305.6396124360062,3412.3881048207286
1641427140,3539.0541891395596,undefined,undefined,undefined
1641340800,3785.0608265330166,3847.4491728151656,3415.6016183294455,3544.7459425918705
1641340740,3790.5181531701587,undefined,undefined,undefined
1641254400,3762.93,3889.8337941761697,3716.5299999999997,3789.383845347192
1641168000,3820.22,3843.92,3687.66,3764.2700000000004
1641167940,3819.97,undefined,undefined,undefined
1641081600,3767.1799999999994,3848.72,3719.19,3831.21
1641081540,3767.3,undefined,undefined,undefined
1640995200,3691.7099999999996,3774.82,3681.82,3768.75
1640995140,3683.47,undefined,undefined,undefined
1640908800,3706.97,3810.57,3624.36,3677.6299999999997
1640822400,3637.27,3768.06,3595.39,3711.5
1640736000,3797.9399999999996,3827.5400000000004,3614,3626.2000000000003
1640649600,4031.6,4033.28,3768,3796.81
1640563200,4069.17,4126.92,4037.5200000000004,4040.09
1640563140,4065.91,undefined,undefined,undefined
1640476800,4093.56,4106.27,4013.3999999999996,4066.4599999999996
1640390400,4045.15,4135.3,4026.24,4095.95
1640304000,4120.03,4136.68,4026.4,4044.44
1640217600,3986.37,4149,3897.0300000000007,4109.07
1640217540,3980.8299999999995,undefined,undefined,undefined
1640131200,4021.41,4073.8135880173513,3947.5782898050866,3980.83
1640044800,3952.27,4061.7199999999993,3917.5999999999995,4019.545337456879
1640044740,3946.1599999999994,undefined,undefined,undefined
1639958400,3929.81,3978.309519422164,3758.087595038598,3938.0797588368173
1639958340,3924.3308637325736,undefined,undefined,undefined
1639872000,3957.2,4025.56216661481,3892.368144961025,3917.4649827498797
1639871940,3961.6640911321815,undefined,undefined,undefined
1639785600,3876.5087290289766,3995.8926765493857,3771.4223122659055,3958.29
1639785540,3874.684931710781,undefined,undefined,undefined
1639699200,3957.2800000000007,3994.774449406443,3707.9071904251846,3885.0519643702883
1639699140,3960.242129869217,undefined,undefined,undefined
1639612800,4021.8203006599797,4110.875684327143,3955.052623440623,3955.7279917198985
1639612740,4019.0869876941183,undefined,undefined,undefined
1639526400,3861.142296941727,4090.357601413055,3657.277443414354,4020.7096877681697
1639526340,3862.6779806281884,undefined,undefined,undefined
1639440000,3784.9258794006664,3880.524919123928,3687.1597334601743,3858.0898660342536
1639439940,3784.398888599914,undefined,undefined,undefined
1639353600,4132.331946465093,4141.683184906634,3675.086765083303,3783.425700097953
1639353540,4133.180592616346,undefined,undefined,undefined
1639267200,4088.933858075914,4175.555525310291,3989.816528264306,4132.078530644752
1639180800,3884.923779601527,4094.6499011087603,3836.4714056792627,4084.2717421924444
1639180740,3906.8077640151014,undefined,undefined,undefined
1639094400,4104.955036847229,4217.385622437907,3891.263020279025,3902.3400802423957
1639094280,4118.268124714654,undefined,undefined,undefined
1639008000,4469.777451197406,4480.081578596322,4079.7717768743028,4130.349482558946
1639007940,4446.160369817001,undefined,undefined,undefined
1638921600,4307.713044514378,4451.548778439924,4236.55050299992,4439.898471679019
1638835200,4365.21171217759,4426.699381457525,4264.092418777249,4306.569876776087
1638748800,4205.791293910909,4370.109370166601,3935.5450559196047,4359.988384524842
1638748680,4196.014863587487,undefined,undefined,undefined
1638662400,4129.425183019701,4248.427532231827,4046.873065331133,4200.31444745153
1638662280,4120.740103537305,undefined,undefined,undefined
1638576000,4209.927107015021,4238.685999191829,3663.1674121091496,4122.088845587745
1638489600,4509.911634406562,4645.71374877688,4096.325304981674,4217.418199386664
1638489540,4512.666403717624,undefined,undefined,undefined
1638403200,4586.677824513637,4631.314088989622,4437.933743551919,4508.250752701175
1638316800,4611.465074124818,4782.02611231841,4530.91220148786,4587.173176103061
1638316740,4634.497518331279,undefined,undefined,undefined
1638230400,4447.239125933215,4741.948261155777,4353.2332439143365,4637.568454204769
1638144000,4309.572989283458,4460.413900565269,4285.608632553822,4445.843137798969
1638143940,4297.097003928493,undefined,undefined,undefined
1638057600,4090.091254095144,4299.458400232202,3988.935615863572,4292.326892914464
1638057540,4093.771236297388,undefined,undefined,undefined
1637971200,4043.396244048088,4184.770298709371,4032.7503960074832,4078.1914400098585
1637971140,4031.7905322511047,undefined,undefined,undefined
1637884800,4523.540108999792,4548.422381813113,3930.0028452515103,4034.2815422471404
1637884740,4518.3821273925705,undefined,undefined,undefined
1637798400,4272.973574072318,4550.155271718681,4249.62363665651,4519.89999194657
1637798340,4274.412433103418,undefined,undefined,undefined
1637712000,4342.941624261094,4359.478416758873,4172.413231958888,4275.436640372959
1637711940,4341.6643033745,undefined,undefined,undefined
1637625600,4083.6499999999996,4388.346586088647,4068.4800000000005,4341.506008117064
1637625540,4089.1599999999994,undefined,undefined,undefined
1637539200,4265.87,4310.34,4028.88,4090.54
1637452800,4416.39,4420.89,4250.65,4272.57
1637366400,4303.6,4438.9,4214.11,4413.05
1637280000,4009.87,4314.26,3980.11,4303.418771136362
1637279940,4002.608294039627,undefined,undefined,undefined
1637193600,4289.441601812334,4342.64285370836,3960.4699999999993,3995.32
1637193540,4289.4,undefined,undefined,undefined
1637107200,4222.67,4298.49,4077.24,4288.917428927527
1637107140,4212.474101543331,undefined,undefined,undefined
1637020800,4545.67,4545.67,4132.12,4216.14
1637020740,4559.226888007753,undefined,undefined,undefined
1636934400,4626.850572643559,4769.21,4544.4644597124325,4572.643546472941
1636934340,4627.349570306753,undefined,undefined,undefined
1636848000,4644.711091524745,4691.375724663525,4517.5268059588625,4627.197020076022
1636847940,4646.889057215584,undefined,undefined,undefined
1636761600,4667.465909505719,4704.32846796744,4588.161139881461,4647.2
1636761540,4672.180160824782,undefined,undefined,undefined
1636675200,4721.87,4806.600366464015,4511.9809332000605,4675.31599910018
1636675140,4724.195888995844,undefined,undefined,undefined
1636588800,4632.486098048668,4779.071689618614,4580.8811308239,4723.849265151405
1636588740,4638.533610242913,undefined,undefined,undefined
1636502400,4734.091714960123,4864.476780010037,4476.186895141813,4637.962459568996
1636502340,4734.069479655316,undefined,undefined,undefined
1636416000,4805.99,4834.45,4715.483996193734,4736.295720305589
1636415880,4811.9,undefined,undefined,undefined
1636329600,4620.81,4823.31,4620.28,4811.5
1636329480,4617.02,undefined,undefined,undefined
1636243200,4511.98,4638.22,4507.87,4614.02
1636243140,4523.16,undefined,undefined,undefined
1636156800,4475.88,4528.92,4340.91,4520.71
1636070400,4538.27,4571.87,4451.5,4481.52
1636070340,4537.15,undefined,undefined,undefined
1635984000,4605.6,4609.75,4425.94,4539.33
1635897600,4598,4664.78,4465.06,4606.07
1635811200,4324.21,4601.65,4289.01,4586.39
1635811140,4325.548484031913,undefined,undefined,undefined
1635724800,4295.35,4377.057021011002,4166.283329212807,4326.88
1635724740,4290.16,undefined,undefined,undefined
1635638400,4328.81,4395.1,4176.37,4288.647863307195
1635638340,4325.869542155477,undefined,undefined,undefined
1635552000,4426.66,4427.491984588295,4251.859043408258,4319.030758213976
1635551940,4415.685772670747,undefined,undefined,undefined
1635465600,4287.945607447652,4460.505640780439,4271.599874791511,4415.427223930739
1635465540,4288.010548173824,undefined,undefined,undefined
1635379200,3923.7357100727463,4292.487326799081,3903.4155618532495,4288.391931811509
1635379140,3929.019486885468,undefined,undefined,undefined
1635292800,4131.247953517975,4299.427443040211,3928.282848223703,3933.186228098768
1635292740,4130.616707901937,undefined,undefined,undefined
1635206400,4220.817103616245,4290.609696321353,4102.073667350008,4128.741989241185
1635206340,4221.14030130145,undefined,undefined,undefined
1635120000,4082.2778371118034,4235.553580951636,4070.2747512419214,4218.040204379123
1635119940,4084.045263849643,undefined,undefined,undefined
1635033600,4168.50777826765,4182.763791527628,3966.0987667119875,4085.6345668960826
1634947200,3971.504248808216,4171.180506999527,3942.7760292433372,4168.657314438635
1634947140,3969.9084473583457,undefined,undefined,undefined
1634860800,4053.9646712070535,4167.070824874695,3904.1140323832333,3969.754724736195
1634774400,4154.42,4373.64,4030.222101815128,4054.040389963486
1634774340,4162.26,undefined,undefined,undefined
1634688000,3887.87,4168.36,3831.13,4151.67
1634601600,3748.31,3884.22,3734.1899999999996,3878.25
1634601540,3747.912479035332,undefined,undefined,undefined
1634515200,3854.37,3890.971710272894,3699.03,3745.79
1634428800,3825.19,3918.2689717477897,3657.94,3845.27
1634428740,3828.4499039951393,undefined,undefined,undefined
1634342400,3868.7199999999993,3964.3735391501523,3804.041112928275,3831.4019107835625
1634342340,3864.4366854835785,undefined,undefined,undefined
1634256000,3791.66,3894.008262382306,3736.044234259391,3866.57
1634255940,3786.5294660374852,undefined,undefined,undefined
1634169600,3608.188717798269,3821.805012891714,3590.2101495358984,3788.22
1634083200,3490.6501048910145,3607.975058253676,3415.4673227830044,3605.726592398435
1633996800,3542.7012508188855,3542.7012508188855,3405.4417194530442,3491.2253809188715
1633996740,3543.538649678902,undefined,undefined,undefined
1633910400,3410,3621.684941519696,3381.67,3541.5088727293514
1633824000,3571.7,3602.17,3412.9,3420.37
1633737600,3556.25,3631.3999999999996,3545.62,3575.6300000000006
1633737540,3563.95,undefined,undefined,undefined
1633651200,3589.7400000000002,3669.5100000000007,3543.46,3562.18
1633651140,3588.51,undefined,undefined,undefined
1633564800,3573.84,3650.43,3478.08,3588.08
1633478400,3515.24,3623.0799999999995,3352.26,3578.8200000000006
1633392000,3385.32,3543.52,3366.0638312707197,3518.58
1633391940,3387.2,undefined,undefined,undefined
1633305600,3416.92,3437.7358911888555,3283.95,3378.14
1633305540,3418.914241966908,undefined,undefined,undefined
1633219200,3395.27,3487.66,3347.75151644405,3418.0900000000006
1633132800,3310.963182299544,3463.502800956336,3260.002353425993,3391.38
1633132740,3310.975368793566,undefined,undefined,undefined
1633046400,3000.4658983387417,3331.5460443227093,2974.233339875411,3309.5100376425
1632960000,2850.14,3046.1083030780314,2837.173295103117,3001.3666588007136
1632873600,2806.2695459220336,2945.2061647801493,2786.3224926336716,2848.6933877516276
1632787200,2925.7696065594496,2971.003727560695,2794.2317168447034,2804.3907741842313
1632700800,3061.9656624913473,3163.6949344394275,2931.6962258382664,2933.820490830925
1632614400,2924.08170851852,3114.9485770081433,2744.0672816629967,3060.543071030628
1632528000,2931.0372607018835,2967.89653367546,2815.9772656436626,2922.5723046649273
1632441600,3154.360772068745,3159.38278592565,2746.304506286134,2931.078624766718
1632355200,3078.323355703091,3174.2982995095267,3036.9646169074717,3156.9293131478476
1632268800,2779.85,3089.1163935011477,2744.65,3075.4662733368564
1632182400,2971.93,3095.03,2665.49,2749.37
1632182280,2972.12,undefined,undefined,undefined
1632096000,3343.34,3343.34,2935.11,2964.31
1632095880,3335.35,undefined,undefined,undefined
1632009600,3428.16,3450.95,3284.36,3326.13
1632009540,3429.0300000000007,undefined,undefined,undefined
1631923200,3392.96,3540.69,3372.13,3430.59
1631923080,3400,undefined,undefined,undefined
1631836800,3563.86,3588.84,3351.64,3392.65
1631836740,3570.3399999999997,undefined,undefined,undefined
1631750400,3615.65,3669.71,3489.07,3568.84
1631750280,3615.87,undefined,undefined,undefined
1631664000,3438.91,3599.99,3364.8,3596.7
1631577600,3280.73,3428.87,3276.66,3428.87
1631577540,3286.2,undefined,undefined,undefined
1631491200,3400.11,3428.95,3116.63,3286.07
1631404800,3263.8799999999997,3467.97,3233.23,3409.49
1631318400,3222.85,3345.1499999999996,3209.8000000000006,3267.34
1631318340,3209.8199999999997,undefined,undefined,undefined
1631232000,3426.51,3512.4419630497837,3153.1817439577694,3208.1616070742334
1631145600,3501.631765670125,3565.0984712235777,3400.535440594636,3428.190839815469
1631145540,3495.644455808885,undefined,undefined,undefined
1631059200,3434.0373846829584,3558.949312542073,3224.044239345054,3497.0382940657883
1630972800,3928.39445894073,3946.344748872844,3064.5030208185403,3427.4548149472284
1630886400,3952.15447882299,3969.6656572120314,3874.4337949783844,3929.8668475540403
1630800000,3845.3139762229816,3981.179329531893,3845.3139762229816,3953.294695482148
1630627200,3787.9891136677875,3977.191837837112,3712.1557061673107,3957.010863456215
1630627140,3789.6050157332397,undefined,undefined,undefined
1630540800,3823.9764216137387,3834.964417152135,3726.229120984399,3791.937293297241
1630454400,3406.227273299599,3838.3463606465575,3386.8714477767935,3838.3463606465575
1630368000,3227.239908228629,3469.45019278901,3195.770418662733,3431.9593383075057
1630367940,3227.4861964679017,undefined,undefined,undefined
1630281600,3228.658733998249,3346.608162739956,3146.6668985606675,3220.678911199816
1630281540,3224.610634003292,undefined,undefined,undefined
1630195200,3247.583009530734,3283.6404467457896,3157.958930273952,3223.8630120661314
1630195140,3243.964587850682,undefined,undefined,undefined
1630108800,3270.666681176265,3284.2362166110524,3212.4294749634323,3242.4331588309688
1630108740,3270.7790534071783,undefined,undefined,undefined
1630022400,3084.817942340545,3281.144062681497,3064.1896886814284,3266.0414951100424
1630022340,3098.870515661009,undefined,undefined,undefined
1629936000,3231.3135250448368,3247.3113734838016,3057.440630951674,3099.940678456867
1629849600,3177.16541061058,3248.08846843295,3083.5191308198832,3224.80084315883
1629849540,3171.2539216689856,undefined,undefined,undefined
1629763200,3325.1786494322564,3358.887428583717,3151.306571980372,3175.2241256398233
1629763140,3317.4881835759716,undefined,undefined,undefined
1629676800,3238.999045290467,3375.7580189200294,3233.074341131117,3316.9590430526023
1629590400,3224.0524288883166,3272.0315283566897,3134.7633328587717,3242.927802276576
1629590340,3225.1010276473844,undefined,undefined,undefined
1629504000,3285.493668833158,3307.8121371236884,3209.318751877722,3225.0286695759773
1629417600,3184.998503409503,3299.239505361528,3180.3657918934246,3285.954387054477
1629331200,3024.53,3186.4536551272777,2960.01,3184.627388461654
1629331140,3016.86,undefined,undefined,undefined
1629244800,3011.01,3125.79,2955,3018.58
1629244740,3013.81,undefined,undefined,undefined
1629158400,3144.49,3290.6572255555443,3000.54,3014.4899999999993
1629072000,3317.24,3336.4618233273213,3140.229797187378,3155.5
1629071940,3311.6474581800444,undefined,undefined,undefined
1628985600,3272.6877791147454,3321.7200000000003,3116.4100000000003,3309.872515238006
1628899200,3319.8172492519734,3328.7048221703194,3214.45,3266.733189842458
1628812800,3048.0692509121427,3327.77,3037.4455991463706,3324.685715981833
1628726400,3162.66129009663,3236.843288548302,2980.8496010599633,3041.1993855016353
1628640000,3141.682338364621,3269.6177441807677,3123.8731312426157,3163.3248278357455
1628553600,3150.6,3231.593061092097,3057.690362070391,3141.1676672794197
1628467200,3021,3186.4000000000005,2902.957968169914,3170.7
1628380800,3158.3,3186.1649999999995,2950.949,3010.3
1628294400,2891.1932377973944,3168.9859999999994,2868.80184926,3161.5767756416117
1628294340,2891.854080478904,undefined,undefined,undefined
1628208000,2829.048483072888,2944.688,2722.984,2891.359
1628121600,2727.4078131495626,2841.086928977618,2543.2452065111006,2827.702
1628035200,2512.638096994073,2765.892438462374,2463.122199956094,2724.8691853991513
1627948800,2607.414173261105,2629.6956399579944,2449.442426128161,2502.5
1627862400,2562.69,2664.885494591313,2513.9,2609.3999999999996
1627776000,2524.01,2697.12,2516.65,2561.51
1627775940,2536.04,undefined,undefined,undefined
1627689600,2453.930753674074,2552.32,2423.911008438247,2539.624295220281
1627603200,2386.87,2468.77,2319.402166529609,2467.626600060757
1627516800,2300.521332787003,2398,2273.4230437274246,2380.471189129675
1627430400,2300.6418371592904,2343.468825084629,2249.2107661802115,2296.4708214348225
1627344000,2228.519063846901,2318.7134770530843,2153.7560758936384,2299.4913095350557
1627257600,2192.9093564210693,2436.6940440821595,2177.1154913805267,2232.0829317214166
1627171200,2184.86,2196.995098488817,2110.03,2192.091392313512
1627084800,2113.34,2198.94,2108.07,2188.45
1627084740,2125.81,undefined,undefined,undefined
1626998400,2024.7499999999998,2130.18,1999.94,2126.86
1626912000,1993.4400000000003,2042.11,1955.36,2025.2700000000002
1626825600,1791.5800000000002,2023.230918638203,1757.9739020400143,1991.23
1626825540,1786.46,undefined,undefined,undefined
1626739200,1818.8980247707404,1837.38,1721.3134070257993,1787.6
1626739140,1818.44,undefined,undefined,undefined
1626652800,1889.0524842584505,1915.0300000000002,1806.57,1817.424580596197
1626652740,1891.46,undefined,undefined,undefined
1626566400,1900.0093048403517,1988.8586225755225,1881.93,1895.6573642070796
1626480000,1877.1800321006585,1917.0323740501408,1854.1704179030132,1898.380637569499
1626393600,1921.8790793988414,1959.6130577755396,1852.3591295580834,1879.0934965259028
1626307200,1994.2472409090426,2037.1550230855469,1883.0490681992346,1913.1708904779023
1626220800,1940.3789410867062,2017.775399186444,1868.8806902206372,1993.8641215422308
1626134400,2030.9373090250754,2040.8597659505724,1919.6069950323918,1939.0948967874165
1626048000,2139.16,2167.66,2007.8713619486825,2035.5887729119374
1625961600,2115.97,2172.14,2082.04,2139.58
1625875200,2147.1,2191.4,2083.31,2111.24
1625875080,2147.03,undefined,undefined,undefined
1625788800,2116.96,2185.05,2053.63,2153
1625702400,2316.82,2322.43,2085.48,2119.414561959876
1625616000,2317.8,2405.6,2298.48,2316.29
1625615940,2323.92,undefined,undefined,undefined
1625529600,2201.93,2346.76,2201.93,2329.2
1625529540,2197.34,undefined,undefined,undefined
1625443200,2317.36,2322.95,2165.17,2204.31
1625443140,2323.16,undefined,undefined,undefined
1625356800,2225.09,2385.76,2192.84,2322.07
1625356740,2225.95,undefined,undefined,undefined
1625270400,2159.59,2237.6210241353274,2115.9170212340155,2226.8165531744567
1625184000,2107.1780762722456,2157.2038214083523,2020.9749755450744,2156.03
1625097600,2276.454652261812,2276.454652261812,2079.1554232912863,2113.8092334426588
1625097540,2275.6285583960075,undefined,undefined,undefined
1625011200,2166.935246988732,2283.628446391182,2091.06,2273.54
1624924800,2083.55393099078,2241.6043155611424,2076.1870981627458,2160.3451796893446
1624838400,1983.3147620708844,2143.6242095791335,1963.776047126641,2080.239672069781
1624838340,1978.725255679549,undefined,undefined,undefined
1624752000,1830.6482698554478,1980.8823114594004,1810.670652406315,1976.6260819698405
1624665600,1809.536755472875,1849.3544319516188,1718.3188981046137,1829.1496953793699
1624579200,1989.1746857333203,2017.5525460351735,1792.3714100087134,1812.12645209121
1624492800,1972.6,2032.8233341445134,1886.8399999999997,1988.401665703302
1624492680,1967.68,undefined,undefined,undefined
1624406400,1871.62,2041,1825.37,1967.92
1624406340,1880.01,undefined,undefined,undefined
1624320000,1893.57,1994.1099999999997,1706.68,1874.7
1624233600,2257.07,2257.07,1865.02,1889.49
1624233540,2242.9,undefined,undefined,undefined
1624147200,2158.15,2273.64,2048.15,2242.29
1624147080,2174.57,undefined,undefined,undefined
1624060800,2225.42,2275.77,2166.48,2171.8
1624060740,2234.47,undefined,undefined,undefined
1623974400,2371.14,2377.42,2146.26,2228.62
1623974340,2370.22,undefined,undefined,undefined
1623888000,2367.73,2456.98,2308.27,2369.02
1623801600,2543.37232026788,2553.08,2353.51,2367.4
1623715200,2582.48351174172,2638.26,2514.11,2545.13
1623628800,2515.99,2604.018280095319,2470.59,2583.27
1623628740,2509.82,undefined,undefined,undefined
1623542400,2370.7244163315536,2548.410551575001,2311.868679762556,2509.26
1623456000,2354.813968328313,2447.568010857967,2261.86707542377,2367.97618080739
1623369600,2470.997378945105,2495.12396019085,2322.617204110257,2352.675589833701
1623283200,2610.6339384404746,2621.5144645105865,2433.3857468413585,2470.4736784482952
1623196800,2509.0481454222386,2623.7007639183257,2409.4014825151694,2607.626355089492
1623110400,2606.991436097317,2619.122388039417,2313.589174320377,2515.8341262355398
1623024000,2718.68,2846.796980367859,2576.207388924017,2587.1370179966284
1622937600,2629.885236139958,2743.8477902912437,2615.7400831226923,2713.0114882376297
1622851200,2690.896727759603,2816.0176831114086,2557.1389597260404,2628.0772306620715
1622764800,2856.0576878323773,2856.0576878323773,2558.291708108366,2685.9877830860205
1622678400,2706.64,2889.220875304005,2667.0534628187916,2852.8035058714017
1622592000,2643.82,2802.1021028153928,2559.49,2706.134441117451
1622591820,2633.74,undefined,undefined,undefined
1622505600,2726.78,2735.17,2530.89,2624.88
1622505480,2693.13,undefined,undefined,undefined
1622419200,2373.63,2713.94,2284.51,2698.91
1622419080,2392.82,undefined,undefined,undefined
1622332800,2284.03,2466.51,2190.48,2390.29
1622332740,2283.55,undefined,undefined,undefined
1622246400,2406.28,2564.12,2210,2278.44
1622246340,2408.55,undefined,undefined,undefined
1622160000,2730.02,2756.99,2340.27,2419.54
1622073600,2873.66,2877.3015706266883,2642.11,2736.78
1622073540,2889.8399999999997,undefined,undefined,undefined
1621987200,2704.02,2910.16,2651.23,2884.0599999999995
1621987140,2707.56,undefined,undefined,undefined
1621900800,2635.6,2750.629287173198,2394.48,2697.210169779993
1621814400,2115.75,2665.32,2085.95,2646.53
1621814340,2107.812866553292,undefined,undefined,undefined
1621728000,2289.32,2381.442496544678,1736.8336199062408,2113.1531613649718
1621641600,2441.27,2483.825547232271,2166.67,2294.348712251491
1621555200,2774.514775741053,2939.0062053806905,2105.59,2431.6185171279626
1621468800,2442.614147126982,2998.48,2170.72,2787.793510021464
1621382400,3386.3124927371355,3441.523802462365,1955.7116407948097,2461.2370543479888
1621296000,3283.29,3565.199168159285,3245.65185490437,3379.6499481592678
1621209600,3588.29,3588.29,3121.499828411196,3285.072792384807
1621123200,3627.19,3877.02,3354.66,3587.39
1621123140,3642.2800000000007,undefined,undefined,undefined
1621036800,4094.9900000000002,4130.56,3642.02,3647.6
1621036740,4083.78,undefined,undefined,undefined
1620950400,3708.95,4174.59,3701.258493158776,4079.28
1620950340,3715.0100000000007,undefined,undefined,undefined
1620864000,3825,4044.97,3550.14,3720.19
1620777600,4172.33,4374.321476026522,3761.12,3761.12
1620691200,3946.9600000000005,4182.19,3786.0232169383244,4173.497970872565
1620604800,3922.96,4204.54,3713.92,3951.4406169237072
1620604740,3933.1307575748347,undefined,undefined,undefined
1620518400,3917.2352494166735,3980.8856285521933,3738.765674540894,3934.95614314839
1620432000,3484.200222728871,3955.9949013347637,3455.325603011276,3908.6701243650214
1620345600,3492.459978134096,3591.635184416719,3369.305742851913,3488.241248152361
1620259200,3529.0703822656956,3602.107328497409,3390.1100000000006,3492.588089212602
1620172800,3240.640744598555,3548.294447457023,3210.242921439364,3528.5299999999997
1620086400,3432.945037039985,3528.5204641973487,3174.7993031598003,3252.3189114580646
1620000000,2951.6863803228102,3453.645618025468,2951.6863803228102,3432.64
1619913600,2948.92,2985.2199999999993,2860.3,2952.99
1619913540,2948.2097674002025,undefined,undefined,undefined
1619827200,2776.4438924203214,2954.9,2759.5,2949.8731217138156
1619740800,2758.439058789445,2797.7374490012285,2728.1840709117087,2775.736160926577
1619654400,2750.2618251777885,2799.9999999999995,2673.236140485047,2758.84
1619568000,2667.8621721579093,2760.9581249902135,2565.208443144954,2749.038476734195
1619481600,2534,2680.193671103278,2485.76,2666.573549723548
1619395200,2318.42,2538.65,2306.43,2538.65
1619395080,2322.16,undefined,undefined,undefined
1619308800,2231,2357.68,2172.33,2317.41
1619308740,2216.15,undefined,undefined,undefined
1619222400,2357.94,2357.94,2167.31,2213.8
1619222340,2366.24,undefined,undefined,undefined
1619136000,2414.92,2436.85,2115.91,2371.15
1619049600,2370.46,2642.74,2316.47,2402.23
1618963200,2343.28,2469.01,2238.41,2366.5319480855896
1618963140,2332.6,undefined,undefined,undefined
1618876800,2170.81,2348,2056.17,2328.6
1618876740,2163.82,undefined,undefined,undefined
1618790400,2250.23,2281.270489863716,2081.441336931174,2168.9643038413524
1618790340,2242.714991983891,undefined,undefined,undefined
1618704000,2326.18,2340.135861068525,1982.879806629287,2240.94
1618703940,2317.0396813476636,undefined,undefined,undefined
1618617600,2421.891770182209,2495.388758488322,2317.9763485269686,2318.4813512103606
1618531200,2516.645382364011,2545.7965853361834,2319.7450525075537,2427.1
1618444800,2431.9955430449586,2544.9900985384206,2403.759896391722,2517.9425059972373
1618358400,2301.245808351661,2446.2022228973547,2283.531197807622,2431.394538125541
1618272000,2138.345296465069,2315.975250003453,2136.83077521727,2298.8494947402737
1618185600,2150.54,2198.947036726137,2106.246000847391,2138.499081408773
1618185420,2150.41,undefined,undefined,undefined
1618099200,2132.08,2161.9,2113.15,2149.18
1618099140,2133.72,undefined,undefined,undefined
1618012800,2066.74,2194.35,2058.44,2132.99
1617926400,2079.0553381705013,2099.9,2051.06,2067.34
1617926340,2081.29,undefined,undefined,undefined
1617840000,1967.4999999999998,2084.26,1953.4199999999998,2078.586152538917
1617839940,1964.23,undefined,undefined,undefined
1617753600,2113,2128.05,1938.31,1968.69
1617667200,2115.97,2150.9860615014695,2049.41,2113
1617667140,2105.82,undefined,undefined,undefined
1617580800,2078.46,2127.9173348954164,2005.4445433625935,2102.98
1617580740,2076.98,undefined,undefined,undefined
1617494400,2008.9328414428223,2092.482165723975,1982.7245941065712,2077.531947205669
1617408000,2134.347459740499,2137.304722446728,2005.8657780008036,2011.2691881524547
1617321600,1968.1301357951293,2143.4909753041525,1950.8625585724612,2135.380161930241
1617235200,1919.7174343847973,1981.1200814035585,1889.8568758840163,1968.1535944559425
1617148800,1841.6067525546478,1947.548387809389,1775.070573261893,1915.5129106792074
1617062400,1822.18,1859.2208711158603,1787.2816728195985,1841.0797878260737
1616976000,1684.07,1838.8755271335172,1676.5,1816.9758420946964
1616975940,1687.19,undefined,undefined,undefined
1616889600,1713.88,1724.1999999999998,1662.13,1685.19
1616803200,1700.1,1729.79,1669.49,1713.88
1616716800,1587.08,1700.33,1587.08,1700.33
1616630400,1581.79,1621.18,1549.94,1588.52
1616630340,1584.58,undefined,undefined,undefined
1616544000,1672.54,1738.04,1555.39,1584.77
1616543940,1671.8999999999999,undefined,undefined,undefined
1616457600,1683.53,1721.3800000000003,1654.1,1669.9600000000003
1616371200,1784,1805.6,1657.24,1684.2700000000002
1616284800,1801.1500000000003,1816.8319063590436,1748.26,1784.79
1616198400,1808.8599999999997,1867,1801.2099999999998,1805.1099999999997
1616198340,1810.29,undefined,undefined,undefined
1616112000,1776.56,1840.42,1735.81,1809.84
1616025600,1829.11,1848.4696614889094,1761.42,1776.6748294320853
1615939200,1812,1839.39,1746.0464638673739,1825.0774514360066
1615852800,1795.3818350516844,1818.5539732564432,1715.0338108140056,1805.3700403667806
1615766400,1848.412960628658,1890,1744.6482362375136,1790
1615704540,1891.4406692701903,undefined,undefined,undefined
1615680000,1891.4406692701903,1906.5638171486016,1839.224768391983,1851.574586499726
1615593600,1767.79,1943.55,1731.33,1909.62
1615507200,1833.58,1835.66,1722.4099999999999,1773.24
1615507020,1827.0399999999997,undefined,undefined,undefined
1615420800,1778.04,1845.65,1729.13,1825.33
1615334400,1876.53,1877.27,1759.4,1800
1615334340,1871.99,undefined,undefined,undefined
1615248000,1839.01,1869.13,1806.29,1868.38
1615161600,1739.33,1838.96,1670.8499999999997,1831.15
1615161540,1724.79,undefined,undefined,undefined
1615075200,1658.68,1730.94,1635.37,1721.56
1615075140,1651.6600000000003,undefined,undefined,undefined
1614988800,1534.82,1670.8,1516.35,1656.7799999999997
1614902400,1540.86,1549.4225486639746,1444.3,1532.51
1614902340,1539.69,undefined,undefined,undefined
1614816000,1563.6199999999997,1624.52,1505.32,1540.56
1614815940,1567.86,undefined,undefined,undefined
1614729600,1485.04,1656.8254682416234,1477.78,1575.2055072357946
1614729540,1493.3859657685434,undefined,undefined,undefined
1614643200,1572.9,1603.61,1458.86,1492.9500178610376
1614556800,1422.393761491446,1573.7633582404264,1414.047295436966,1571.7443352878615
1614470400,1460.4259366288877,1470.1602096868548,1294.6928298208004,1417.325372655754
1614384000,1445.2390501886928,1526.806130990671,1429.4350390057114,1461.523550471869
1614297600,1482.518680921737,1563.92,1401.5429082342832,1443.2092786617204
1614211200,1625.3,1672.35490294052,1458.8281538267768,1467.0558429534485
1614124800,1585,1712.0000000000002,1505.3257260732084,1629.4133295907325
1614038400,1779.68,1780.3009592001456,1366.5279050523918,1572.3
1614038340,1778.3876222515905,undefined,undefined,undefined
1613952000,1937.3900000000003,1937.3900000000003,1527.08,1780.7841815148968
1613865600,1914.61,1975.5437697457307,1886.66,1935.8099999999997
1613779200,1957.1752757003962,2037.8320606455459,1816.475900623739,1917.954915926294
1613692800,1939.3249113330376,1974.4000000000003,1892.922202999974,1958.076242297333
1613606400,1850.82886525036,1950,1850.82886525036,1934.1429030345491
1613520000,1785.674192597742,1855.053891819997,1735.4955583030082,1851.1429900491366
1613433600,1776.8436718477299,1825.9233853384267,1732.331898416748,1781.0339453198187
1613347200,1806.9228220923662,1836.0413174140328,1664.856454357139,1783.525598960508
1613347140,1803.6695946757604,undefined,undefined,undefined
1613260800,1817.838911176603,1851.459850338844,1788.3160022924985,1804.7326444251012
1613174400,1848.6449277674985,1873.3349678158925,1767.1259287574599,1816.282189001554
1613088000,1789.6024423417005,1865.3173579961901,1741.4456239884876,1845.3349152992855
1613001600,1747.2507702313453,1816.2562791098892,1708.371139046729,1785.8200727756212
1613001540,1744.5426480586837,undefined,undefined,undefined
1612915200,1774.8366927671232,1836.622074878092,1685.748863476109,1745.12709152126
1612915140,1771.6096188214826,undefined,undefined,undefined
1612828800,1756.378719212651,1821.842438721428,1712.044056157375,1770.9009563797829
1612828740,1752.5997492342551,undefined,undefined,undefined
1612742400,1606.9208083637752,1777.0659334637244,1569.909113431517,1753.086423799146
1612742340,1616.3892045653308,undefined,undefined,undefined
1612656000,1675.0646820694192,1693.6576592320096,1495.878417025249,1616.6576945417728
1612655940,1679.4318884478348,undefined,undefined,undefined
1612569600,1723.176872362099,1743.4104239301055,1649.868682191552,1680.3847768204691
1612569540,1723.18242418671,undefined,undefined,undefined
1612483200,1605.8287640348658,1760.8876907910326,1593.963797459217,1720.3566295500277
1612483140,1597.3618784806652,undefined,undefined,undefined
1612396800,1666.6615034416482,1695.2807824903282,1561.2243957216986,1597.9376353591804
1612310820,1521.4284311154506,undefined,undefined,undefined
1612310400,1521.4284311154506,1669.4591370661126,1511.3476995367578,1664.6992660495073
1612224000,1387.2791592524206,1545.9258549078866,1364.704687448907,1516.8926276060995
1612137600,1282.8831690072193,1376.6385585988137,1274.8008181943944,1367.9106594278915
1612137540,1313.5761976343476,undefined,undefined,undefined
1612051200,1373.3715042344384,1379.8924514938524,1284.6298515958686,1314.1780163904357
1611964800,1405.433938811217,1405.433938811217,1327.204877577232,1378.101978878126
1611964740,1383.0025648064109,undefined,undefined,undefined
1611878400,1339.5334219899137,1434.373035314752,1291.9667811877785,1381.440138771423
1611878340,1331.1375107659549,undefined,undefined,undefined
1611792000,1247.6570474135847,1359.422652944191,1223.0013560357763,1335.0917823851412
1611791940,1248.168542023762,undefined,undefined,undefined
1611705600,1366.98268927978,1366.98268927978,1212.4342800363509,1251.1425276046234
1611705540,1364.5440038722325,undefined,undefined,undefined
1611619200,1316.3209978875627,1374.7818929355803,1250.445679945742,1353.981179084243
1611619140,1319.681655272209,undefined,undefined,undefined
1611532800,1392.8031010132365,1474.527736258728,1298.0584102245741,1320.534189053152
1611532740,1394.892409550959,undefined,undefined,undefined
1611446400,1225.7246097419445,1398.7459907754167,1224.8353636385448,1396.4071703715197
1611446340,1233.075415183192,undefined,undefined,undefined
1611360000,1225.245041440091,1272.0344570534699,1198.2378578828925,1231.1977752896307
1611359940,1238.2107661835944,undefined,undefined,undefined
1611273600,1108.9854941151086,1272.6734897508177,1044.844302146486,1238.8617998498207
1611273540,1117.3352829143757,undefined,undefined,undefined
1611187200,1385.9490117327846,1385.9490117327846,1093.2452287276044,1118.9692994189368
1611187140,1376.481560638547,undefined,undefined,undefined
1611100800,1345.4985996197233,1387.4496273112038,1238.5980497866924,1379.4634420405616
1611100740,1374.6841593370073,undefined,undefined,undefined
1611014520,1272.5365202415435,undefined,undefined,undefined
1611014400,1272.5365202415435,1435.3934202220248,1253.5821542626568,1377.49901943429
1610928000,1238.1576636600387,1260.2459606267455,1186.395319978568,1258.6956536500325
1610927940,1233.0410604568845,undefined,undefined,undefined
1610841600,1214.5403510213441,1268.218608874868,1168.383186970728,1230.9036704430314
1610841540,1228.4287279167654,undefined,undefined,undefined
1610755200,1179.166708660795,1291.3570446390972,1153.629662809578,1232.4073180835376
1610755140,1171.9600846364015,undefined,undefined,undefined
1610668800,1238.3140826113467,1253.1285041462663,1074.01003493451,1172.005317250941
1610668740,1226.5474945012077,undefined,undefined,undefined
1610582400,1143.2740145632147,1245.9379368193613,1088.505015599945,1219.1961510507483
1610582340,1131.3679539638933,undefined,undefined,undefined
1610496000,1041.457901495474,1135.8419296073844,992.3392278084256,1130.084811652005
1610495940,1049.423933809391,undefined,undefined,undefined
1610409600,1080.1306110112337,1148.0992474333148,1010.1084157764265,1044.7182013903418
1610409540,1091.9570393948777,undefined,undefined,undefined
1610323200,1246.0980699114948,1246.0980699114948,914.3142618962946,1088.9765797656405
1610236800,1289.6700000000003,1349.87,1174.1460692230332,1259.2726663137992
1610150400,1231.8469625262533,1307.42,1176.7816739592577,1279.4
1610150340,1217.8190645765549,undefined,undefined,undefined
1610064000,1222.4121758999222,1272.326525059545,1071.4247405859503,1219.8792441104831
1610063940,1224.1326850123778,undefined,undefined,undefined
1609977600,1216.6626808298693,1288.5853703369582,1157.0062493152154,1222.8051553354726
1609977540,1209.0453440886133,undefined,undefined,undefined
1609891200,1109.8623544757581,1212.7122818090597,1060.0551358714126,1212.7122818090597
1609804800,1048.5543751315683,1131.20779385241,977.3144228733795,1099.4229580403553
1609718640,988.5238265117969,undefined,undefined,undefined
1609718400,988.5238265117969,1158.3640077618113,898.0195795747403,1040.8474838626782
1609632000,778.1925675280806,1008.038372165883,770.5139140898758,964.8079152199078
1609631940,775.1390984789116,undefined,undefined,undefined
1609545600,727.561544955209,787.7823212977722,716.6285836189609,775.6929968590531
1609545540,730.1145904444796,undefined,undefined,undefined
1609459200,738.526091686949,749.4424505326872,716.7782787473584,729.9618428165575
1609459140,737.19262442485,undefined,undefined,undefined
1609372800,753.4125718120187,755.1490418613637,724.8893739449344,737.8117550789847
1609372740,752.3996987933909,undefined,undefined,undefined
1609286400,734.2055078466159,756.1218324879459,719.9971409502679,752.2462695138959
1609286340,731.7431019736995,undefined,undefined,undefined
1609200000,731.4184801568238,738.845314071228,689.9954838890952,732.2912287307016
1609199940,729.6221658104802,undefined,undefined,undefined
1609113600,687.8791083709357,746.7597318193501,683.5923670457535,730.4373383733812
1609113480,682.1437792540348,undefined,undefined,undefined
1609027200,638.5076062478296,712.6161895369831,626.0197406497025,682.2730354651284
1609027140,635.9738198093075,undefined,undefined,undefined
1608940800,628.6046210461889,651.5364842716042,615.4909340654425,636.4694713003475
1608940740,626.5836395568473,undefined,undefined,undefined
1608854400,615.1473803925743,633.4608002482698,605.2599664395173,626.422980837066
1608854340,612.6077476340434,undefined,undefined,undefined
1608768000,579.6930576063451,614.9284641483343,566.5430642649891,612.0295942405338
1608767940,584.0731078585319,undefined,undefined,undefined
1608681600,636.242993953887,637.6853850390764,552.6790852003963,584.1985642501293
1608595200,609.3650495167211,637.6306640046352,588.2813752282239,637.6306640046352
1608508800,635.1576418289446,647.6636563152679,599.1031941432866,609.4698602290188
1608422400,656.2794873827078,660.3492827422207,623.6707746537128,638.1084081902583
1608336000,655.1125290526936,669.6486747123816,646.2759050081229,659.5165639998281
1608249600,640.9861836534208,663.6714749142585,629.7125865978275,655.0076630073252
1608163200,640.3165887641798,675.8560872681179,628.2747627077648,642.843662345256
1608076800,589.2456269001681,638.525389512819,581.3211951048546,637.765816003286
1608076740,589.0811550698043,undefined,undefined,undefined
1607990400,587.0517891248463,596.564390118793,580.1805636102666,589.269488172903
1607904000,590.0171399342095,591.3879236769076,576.060838838793,586.3170170632575
1607817600,568.7790640376395,594.7310810795858,564.113934418106,590.288872256622
1607731200,545.831181385572,573.7350532747015,545.8241649004686,567.9546321233361
1607644800,559.9681688060556,560.0948650176941,536.6039837480919,545.2052871727692
1607558400,573.9290145894145,574.8450094838519,549.1802302242935,558.5064466850556
1607472000,554.8192450767056,577.7084307652647,531.187178148795,573.3586030033067
1607385600,591.1307626241443,591.8160864000191,550.8678023008441,554.7577055601023
1607385540,591.3848587783384,undefined,undefined,undefined
1607299200,602.7255864226379,602.742262389462,584.8352259386565,591.6097143548461
1607212800,598.7261542456483,607.2885138173823,584.1861367817514,602.7363128377636
1607126400,567.2330081056701,597.2707045642893,561.6357962799134,597.2707045642893
1607040000,615.7055350239013,619.5565691120775,567.2975316975184,567.7261201367236
1606953600,597.3579431280484,622.6474479314286,587.5015608658948,616.374528974735
1606867200,585.4457059048966,603.6373887777339,577.3447997292142,598.2369710239107
1606780800,616.3764414668176,635.7547964872998,570.8152829572092,586.3264070613179
1606694400,578.17983350159,615.4998078359008,571.2490607622952,614.6735562458434
1606608000,537.8770580824788,576.4190083114493,531.3915317491264,576.2665645532712
1606521600,519.3717901485204,548.1314179134412,507.7779723883415,538.0384476770519
1606435200,520.9713892911791,530.9386143300708,496.0017960726064,518.2048263318342
1606348800,567.9622837440396,576.675723233401,485.1789631019275,518.800498553263
1606262400,605.170357596151,605.8457506869142,556.3239450112044,570.3167776349391
1606176000,608.9248234482676,621.7654232867666,594.1194237540657,605.0422592985864
1606089600,562.2983605211687,610.4762077667068,551.4803176125881,609.1893651202312
1606003200,551.6100613897263,580.5320622393674,513.4778089632098,559.7022595395147
1605916800,510.2209095924901,552.5243982943383,503.39111137766076,551.7373758581169
1605916740,510.00704232687883,undefined,undefined,undefined
1605830400,471.5353580617068,514.2225161795699,471.2906366080688,509.75460041431893
1605744000,479.63755417780357,480.3596310671499,465.6289529443315,471.6119160591558
1605657600,482.55037531029757,494.4112010400466,463.21365505499523,479.25947071039343
1605571200,460.37570290748727,484.5125643963757,460.25219241696163,482.6865689413172
1605484800,446.0614121946676,465.8655720028664,445.26226983260756,461.1582231253827
1605398400,461.17279445067544,462.4794643312177,441.5503272678672,446.67993134260666
1605312000,473.7437610237579,473.7437610237579,455.33963480350474,461.47346207831316
1605225600,462.995217693232,473.85265917137406,457.92353319261343,473.31378616869097
1605139200,463.5985131696097,470.03528320729725,452.53859309718445,462.7279581610429
1605052800,451.11442893442637,476.2964832240757,449.8322984072604,463.9205078561771
1604966400,443.38880153694805,454.94577782065693,439.60462543103876,450.7860385557084
1604880000,454.484312932236,459.08360036260575,435.4150515023659,444.4249446596249
1604793600,434.75429530804496,460.21279277404784,432.8101000620105,454.7826051645047
1604707200,456.1749264631265,468.3432627678253,427.1791343482871,435.5247853439587
1604620800,417.4616962698489,458.3700649417952,415.1883173406833,456.17143952181067
1604534400,403.60882427385025,420.5075193781576,396.8725607440122,416.6583506276466
1604448000,387.89078758314344,407.89533863420536,377.44842466949285,402.3175866457204
1604361600,382.9535171596225,389.73567256958137,370.748893192888,387.85587493774545
1604275200,396.98071559353167,404.1864440862445,379.1001991305064,383.5034637400189
1604188800,385.2658317514344,397.25032101416843,384.98500576911727,396.77035950777605
1604102400,382.58489684205426,393.17019138822513,380.9623484145158,386.64108175503134
1604041200,381.8363929495643,undefined,undefined,undefined
1604016000,381.8363929495643,384.8842284343606,374.60587932587083,382.7589276628781
1603929600,389.0391970646184,393.6432954412332,381.062824660329,386.5039698118483
1603929540,388.5886713435671,undefined,undefined,undefined
1603843200,404.1717229079649,408.9586138047639,381.2804337658267,388.6209058301684
1603843140,403.91782759159406,undefined,undefined,undefined
1603756800,393.0184476605093,409.69184161796534,390.31322863558825,404.3053031052802
1603756740,393.05435017535166,undefined,undefined,undefined
1603670400,405.30919059932444,411.1167071707315,383.62970404253684,393.67963395045234
1603670340,405.85303464827064,undefined,undefined,undefined
1603584000,412.21543741255215,417.2436603134793,404.91417043965754,405.84987275369303
1603583940,412.3996783020625,undefined,undefined,undefined
1603497600,409.6209159286633,416.62213517803144,407.42268133976194,412.373979447158
1603497540,409.49306607352617,undefined,undefined,undefined
1603411200,414.2504337000517,419.24225945336,402.1692883850968,409.5689209265076
1603411140,414.4014459251245,undefined,undefined,undefined
1603324800,391.9363992817313,420.62250530735497,391.9363992817313,414.49111427399447
1603238400,368.3313478264675,401.24805913043946,367.60865243741085,391.5887907601401
1603152000,379.39188530599444,380.66236382181927,366.39723103720615,368.20832405316196
1603065600,378.4563084848345,383.70260113604326,372.90720666087503,379.23735488689226
1602979200,368.516563208217,378.5697405557481,367.83287456708655,378.16485628526607
1602892800,365.52456171006367,370.3089774066494,363.5222060120199,368.41091273527695
1602806400,377.729674779917,379.7888831810361,361.7506689599377,365.45422475347317
1602720000,378.8369185417633,380.92558113647476,370.1622031392574,377.49197233190364
1602633600,381.07110396286487,387.0950998160726,373.6813636665793,378.82789641191766
1602547200,386.7648150980856,387.65587706878824,374.9564222761329,381.0601599576096
1602460800,374.10364091529993,395.00009993899573,365.9555466369221,386.83940079921086
1602374400,370.71481095394023,377.489252102511,369.091358594835,374.26849401682284
1602288000,365.07667105625166,377.97827018421225,364.95224617273624,370.97552860545335
1602201600,350.5254578444977,368.22782733753905,347.77507837912987,365.2974936427301
1602115200,342.26489259533133,352.92573569003963,334.466165306564,351.081094206258
1602028800,340.8708947303186,342.81359351166486,333.3896364698553,341.9427975077344
1602028740,340.3511341946846,undefined,undefined,undefined
1601942400,355.0406278684229,355.0406278684229,337.0881822497582,340.4987824120863
1601856000,352.35448172391744,355.2543981703067,348.8835687019799,353.4451871703858
1601855940,352.56946175789454,undefined,undefined,undefined
1601769600,346.00920429296553,354.01100273523497,344.0911827935478,352.4892703505972
1601683200,345.870620300725,350.9416260597496,344.0318758780915,345.8879314414323
1601596800,352.8112146034418,354.170684388972,335.08840596645234,345.6610054689907
1601510400,359.9866162871377,368.7336390639598,345.7308022167883,352.9961053207004
1601424000,359.92439225853263,360.9972593649444,351.985776215616,359.29396762865997
1601337600,353.78524317483624,360.6072239700022,350.8039587111839,359.8220261564011
1601251200,359.6374004184135,367.16250030534644,352.743140526004,353.94448059304307
1601164800,354.34325012631854,362.07072406122757,347.5755737155936,357.6347743097432
1601078400,352.0063274005086,356.0394956927717,346.82096041352537,354.13523924589344
1600992000,349.03764601409114,357.88241913927715,338.0995197526039,351.8050231017538
1600905600,320.481997535683,352.88609429006306,317.1052046536091,349.0580089110665
1600819200,344.1822505672368,344.4202835706357,314.99791359611595,319.78663111760216
1600732800,340.09569082269536,346.6926949564413,336.00265130217787,344.18586756669316
1600646400,370.7348823598672,375.57597283305836,331.73451800241116,340.50261533606306
1600646340,370.8887137137653,undefined,undefined,undefined
1600560000,385.1463087209551,385.38859326089414,365.7911933057402,370.5737068483333
1600473600,384.4289875015509,387.9843391852947,376.999146721829,385.34162526551495
1600387200,389.36979279621727,392.3712171593419,375.77052378761744,384.25497449567933
1600300800,364.7664537608228,394.1164452121501,363.5903625475848,389.2550414869986
1600214400,364.01657709719245,373.0501352564923,355.4025078826265,364.8711035213578
1600128000,377.2168373246882,381.56817714309295,362.780775980517,363.9893218592618
1600041600,366.18849312743214,383.7092633380551,356.0496684203833,376.8725368297759
1599955200,387.45746765892756,389.25843438816383,353.8824574549781,365.9291640767914
1599868800,373.9740138888732,388.1244266715674,365.3980412787194,387.7523774335597
1599782400,367.9768770851607,375.0316754206859,356.238683085363,374.1478183057117
1599696000,351.20680951213865,377.25980890653807,351.20680951213865,368.011252193033
1599695940,350.8031236618135,undefined,undefined,undefined
1599609600,336.7429806617783,358.9785604986588,330.9533006075064,350.71303784043596
1599523200,353.68642971612576,356.2486535739689,326.71684716749843,337.3599920782415
1599436800,352.7096368554909,358.35502049043356,324.16923434367476,353.37303627384193
1599350400,335.1121703960664,360.18548225002934,317.3991511187208,352.80483670161146
1599264000,386.06101202524223,393.94943463323614,312.51920287961366,335.30246387138146
1599177600,382.2509620231613,400.1082551657606,362.74543047986754,386.5151794965643
1599091200,439.4748593679907,449.7779932593625,375.6044317480565,382.11100566635497
1599004800,476.0677720462037,480.85266837057986,422.15214286067265,439.6554860033831
1598918400,433.9243575726045,488.11177313418466,430.1652134778188,476.0748650207823
1598832000,429.35723137739404,438.833852405336,418.71106133755956,433.8746090565479
1598745600,398.5996053744562,429.41451136551103,398.5996053744562,428.86578142296696
1598659200,395.74599786364826,405.57544813697496,392.390934192081,398.45434556776826
1598572800,383.1648422282244,397.63053347824047,379.95009150676077,395.2583643570552
1598486400,385.8227729539795,396.18461481884134,372.5765931291301,382.0109221589287
1598400000,382.5803583889931,392.3926959534687,377.6358208066754,385.6007773942776
1598313600,407.9197095648108,408.98937525206986,370.6416971599702,383.17284457854396
1598227200,390.72332422674253,410.3551789442731,387.8478202860566,408.24881245842835
1598140800,395.7084529530569,396.9845349428626,383.6708042587292,390.85107935684795
1598054400,388.0305432490874,396.95093797219977,379.8746098121123,395.804656994795
1597968000,416.03803005167964,418.79927567685337,385.3423459756957,387.3068437866581
1597881600,408.7528170367367,419.1180108646114,402.62686587673386,415.9390183980561
1597795200,423.5443197265956,426.6390201625379,394.1764423431068,405.90187445346726
1597708800,431.01648784927056,433.8735750525857,415.9246256950804,422.45540113689935
1597622400,434.49799812972054,446.3214970212417,420.7738460096304,430.11230453885526
1597536000,432.3868812376768,436.69974291376735,412.9242763020982,433.6924494199377
1597449600,438.4101108398867,442.7822381863589,428.85745027760083,433.0875146324642
1597363200,424.93148424092306,444.1803399813287,418.6981150820526,438.05081428516104
1597276800,386.7691925148576,431.01220860321536,377.2532176438605,424.0501834137416
1597190400,378.410359905832,389.2949011838445,366.7816863039474,387.006846805231
1597104000,395.8573172818122,398.10153707920927,367.6778139784641,378.8590733237886
1597017600,390.1907001427642,399.575660844944,386.604154290501,395.73766592808505
1596931200,398.42801895819366,400.0497233912946,384.41814758486834,390.02974187630883
1596844800,378.95818667709756,396.2796614401469,376.2281573686344,396.2796614401469
1596758400,394.89275870947336,398.1436575404109,365.3426030723576,379.63701241683515
1596672000,400.2589580289899,403.20231934136547,391.6988130994234,394.92025534259096
1596585600,389.98489422233393,407.2795162822181,384.4008494788662,401.00681813438655
1596499200,386.55817801801265,402.45885369772486,381.53786761532734,389.342668415125
1596412800,372.1565697607069,397.80149457450415,368.86044788592926,385.8641431709496
1596326400,387.5861355786127,414.2099233812116,330.66035315366526,372.2997711847936
1596240000,346.69593498064387,392.76911208230746,343.66916036060775,387.84858303701884
1596153600,335.1631641549828,349.2416254912277,329.24633167939373,346.7187116707386
1596067200,317.61330691007157,340.4854767767034,314.94371196930825,335.0794447782334
1595980800,317.84598385527676,324.94237636898447,312.7775102582532,318.1007376579322
